motion_id,archive_name,uncompressed_bytes
Bringing-carry_0001,HiPHI_data_part_0001_of_0032.tar.zst,44191459
Bringing-carry_0002,HiPHI_data_part_0001_of_0032.tar.zst,48598927
Bringing-carry_0003,HiPHI_data_part_0001_of_0032.tar.zst,47308746
Bringing-carry_0005,HiPHI_data_part_0001_of_0032.tar.zst,49275755
Bringing-carry_0006,HiPHI_data_part_0001_of_0032.tar.zst,48588421
Bringing-carry_0007,HiPHI_data_part_0001_of_0032.tar.zst,48026236
Bringing-carry_0008,HiPHI_data_part_0001_of_0032.tar.zst,84447289
Bringing-carry_0009,HiPHI_data_part_0001_of_0032.tar.zst,54203691
Bringing-carry_0010,HiPHI_data_part_0001_of_0032.tar.zst,48581736
Bringing-carry_0011,HiPHI_data_part_0001_of_0032.tar.zst,49015426
Bringing-carry_0012,HiPHI_data_part_0001_of_0032.tar.zst,46714724
Bringing-carry_0014,HiPHI_data_part_0001_of_0032.tar.zst,48862495
Bringing-carry_0016,HiPHI_data_part_0003_of_0032.tar.zst,48585196
Bringing-carry_0018,HiPHI_data_part_0003_of_0032.tar.zst,48167610
Bringing-carry_0027,HiPHI_data_part_0020_of_0032.tar.zst,47642363
Bringing-carry_0028,HiPHI_data_part_0020_of_0032.tar.zst,47596931
Bringing-carry_0029,HiPHI_data_part_0020_of_0032.tar.zst,47806554
Bringing-carry_0030,HiPHI_data_part_0020_of_0032.tar.zst,47659693
Bringing-carry_0034,HiPHI_data_part_0020_of_0032.tar.zst,45846623
Bringing-carry_0035,HiPHI_data_part_0020_of_0032.tar.zst,78844773
Bringing-carry_0036,HiPHI_data_part_0020_of_0032.tar.zst,49397001
Bringing-carry_0037,HiPHI_data_part_0020_of_0032.tar.zst,69591098
Bringing-carry_0038,HiPHI_data_part_0020_of_0032.tar.zst,51017186
Bringing-carry_0041,HiPHI_data_part_0020_of_0032.tar.zst,46592956
Bringing-carry_0052,HiPHI_data_part_0021_of_0032.tar.zst,47439464
Bringing-carry_0057,HiPHI_data_part_0021_of_0032.tar.zst,53430977
Bringing-carry_0059,HiPHI_data_part_0021_of_0032.tar.zst,47880245
Bringing-carry_0060,HiPHI_data_part_0021_of_0032.tar.zst,47929310
Bringing-carry_0061,HiPHI_data_part_0021_of_0032.tar.zst,48029701
Bringing-carry_0062,HiPHI_data_part_0021_of_0032.tar.zst,46860171
Bringing-carry_0063,HiPHI_data_part_0021_of_0032.tar.zst,53622344
Bringing-carry_0066,HiPHI_data_part_0021_of_0032.tar.zst,44603487
Bringing-carry_0067,HiPHI_data_part_0021_of_0032.tar.zst,47964317
Bringing-carry_0068,HiPHI_data_part_0021_of_0032.tar.zst,48537348
Bringing-carry_0069,HiPHI_data_part_0021_of_0032.tar.zst,47699037
Bringing-carry_0070,HiPHI_data_part_0021_of_0032.tar.zst,65463978
Bringing-carry_0071,HiPHI_data_part_0021_of_0032.tar.zst,45954066
Bringing-carry_0072,HiPHI_data_part_0021_of_0032.tar.zst,48085395
Bringing-carry_0073,HiPHI_data_part_0021_of_0032.tar.zst,48501797
Bringing-carry_0075,HiPHI_data_part_0021_of_0032.tar.zst,48137517
Bringing-carry_0076,HiPHI_data_part_0021_of_0032.tar.zst,62830265
Bringing-carry_0077,HiPHI_data_part_0021_of_0032.tar.zst,47058028
Bringing-carry_0078,HiPHI_data_part_0021_of_0032.tar.zst,48156745
Bringing-carry_0079,HiPHI_data_part_0021_of_0032.tar.zst,64110474
Bringing-carry_0082,HiPHI_data_part_0021_of_0032.tar.zst,62910493
Bringing-carry_0083,HiPHI_data_part_0021_of_0032.tar.zst,54096144
Bringing-carry_0085,HiPHI_data_part_0021_of_0032.tar.zst,63561587
Bringing-carry_0086,HiPHI_data_part_0021_of_0032.tar.zst,48117944
Bringing-carry_0087,HiPHI_data_part_0021_of_0032.tar.zst,51980113
Bringing-carry_0088,HiPHI_data_part_0021_of_0032.tar.zst,48093649
Bringing-carry_0089,HiPHI_data_part_0021_of_0032.tar.zst,48855768
Bringing-carry_0093,HiPHI_data_part_0021_of_0032.tar.zst,64530714
Bringing-carry_0095,HiPHI_data_part_0021_of_0032.tar.zst,53275100
Bringing-carry_0096,HiPHI_data_part_0021_of_0032.tar.zst,48259335
Bringing-carry_0097,HiPHI_data_part_0021_of_0032.tar.zst,42470814
Bringing-carry_0098,HiPHI_data_part_0021_of_0032.tar.zst,48316235
Bringing-carry_0099,HiPHI_data_part_0021_of_0032.tar.zst,48177260
Bringing-carry_0100,HiPHI_data_part_0021_of_0032.tar.zst,63637151
Bringing-carry_0102,HiPHI_data_part_0021_of_0032.tar.zst,62195554
Bringing-carry_0103,HiPHI_data_part_0021_of_0032.tar.zst,48149160
Bringing-carry_0104,HiPHI_data_part_0021_of_0032.tar.zst,53541543
Bringing-carry_0105,HiPHI_data_part_0021_of_0032.tar.zst,48222495
Bringing-carry_0106,HiPHI_data_part_0021_of_0032.tar.zst,49509926
Bringing-carry_0107,HiPHI_data_part_0021_of_0032.tar.zst,48225503
Bringing-carry_0109,HiPHI_data_part_0021_of_0032.tar.zst,48335939
Bringing-carry_0110,HiPHI_data_part_0021_of_0032.tar.zst,48411542
Bringing-carry_0112,HiPHI_data_part_0022_of_0032.tar.zst,48279790
Bringing-carry_0113,HiPHI_data_part_0022_of_0032.tar.zst,42582365
Bringing-carry_0115,HiPHI_data_part_0022_of_0032.tar.zst,48406974
Bringing-carry_0116,HiPHI_data_part_0022_of_0032.tar.zst,48396050
Bringing-carry_0118,HiPHI_data_part_0022_of_0032.tar.zst,51107842
Bringing-carry_0120,HiPHI_data_part_0022_of_0032.tar.zst,65854134
Bringing-carry_0121,HiPHI_data_part_0022_of_0032.tar.zst,48434800
Bringing-carry_0123,HiPHI_data_part_0022_of_0032.tar.zst,48210887
Bringing-carry_0124,HiPHI_data_part_0022_of_0032.tar.zst,48382149
Bringing-carry_0125,HiPHI_data_part_0022_of_0032.tar.zst,48731657
Bringing-carry_0126,HiPHI_data_part_0022_of_0032.tar.zst,48387003
Bringing-carry_0127,HiPHI_data_part_0022_of_0032.tar.zst,48053726
Bringing-carry_0128,HiPHI_data_part_0022_of_0032.tar.zst,48427766
Bringing-carry_0129,HiPHI_data_part_0022_of_0032.tar.zst,48310757
Bringing-carry_0130,HiPHI_data_part_0022_of_0032.tar.zst,48398883
Bringing-carry_0131,HiPHI_data_part_0022_of_0032.tar.zst,48553091
Bringing-carry_0132,HiPHI_data_part_0022_of_0032.tar.zst,48538463
Bringing-carry_0133,HiPHI_data_part_0022_of_0032.tar.zst,48356691
Bringing-carry_0134,HiPHI_data_part_0022_of_0032.tar.zst,48414113
Bringing-carry_0135,HiPHI_data_part_0022_of_0032.tar.zst,48347689
Bringing-carry_0136,HiPHI_data_part_0022_of_0032.tar.zst,60212434
Bringing-carry_0137,HiPHI_data_part_0022_of_0032.tar.zst,48514802
Bringing-carry_0139,HiPHI_data_part_0022_of_0032.tar.zst,50924286
Bringing-carry_0140,HiPHI_data_part_0022_of_0032.tar.zst,48593943
Bringing-carry_0141,HiPHI_data_part_0022_of_0032.tar.zst,48489600
Bringing-carry_0143,HiPHI_data_part_0022_of_0032.tar.zst,48534381
Bringing-carry_0144,HiPHI_data_part_0022_of_0032.tar.zst,48533496
Bringing-carry_0145,HiPHI_data_part_0022_of_0032.tar.zst,48546571
Bringing-carry_0146,HiPHI_data_part_0022_of_0032.tar.zst,48655939
Bringing-carry_0147,HiPHI_data_part_0022_of_0032.tar.zst,48675240
Bringing-carry_0148,HiPHI_data_part_0022_of_0032.tar.zst,45959273
Bringing-carry_0149,HiPHI_data_part_0022_of_0032.tar.zst,48681237
Bringing-carry_0150,HiPHI_data_part_0022_of_0032.tar.zst,48560937
Bringing-carry_0151,HiPHI_data_part_0022_of_0032.tar.zst,48579270
Bringing-carry_0152,HiPHI_data_part_0022_of_0032.tar.zst,49488074
Bringing-carry_0153,HiPHI_data_part_0022_of_0032.tar.zst,51240762
Bringing-carry_0154,HiPHI_data_part_0022_of_0032.tar.zst,48627486
Bringing-carry_0155,HiPHI_data_part_0022_of_0032.tar.zst,48718797
Bringing-carry_0157,HiPHI_data_part_0022_of_0032.tar.zst,48742959
Bringing-carry_0158,HiPHI_data_part_0022_of_0032.tar.zst,48747113
Bringing-carry_0159,HiPHI_data_part_0022_of_0032.tar.zst,53914842
Bringing-carry_0160,HiPHI_data_part_0022_of_0032.tar.zst,48733475
Bringing-carry_0161,HiPHI_data_part_0022_of_0032.tar.zst,48788854
Bringing-carry_0162,HiPHI_data_part_0022_of_0032.tar.zst,48670248
Bringing-carry_0163,HiPHI_data_part_0022_of_0032.tar.zst,48667077
Bringing-carry_0164,HiPHI_data_part_0022_of_0032.tar.zst,48663139
Bringing-carry_0165,HiPHI_data_part_0022_of_0032.tar.zst,48826170
Bringing-carry_0166,HiPHI_data_part_0022_of_0032.tar.zst,48781971
Bringing-carry_0167,HiPHI_data_part_0022_of_0032.tar.zst,48499798
Bringing-carry_0168,HiPHI_data_part_0022_of_0032.tar.zst,48733004
Bringing-carry_0169,HiPHI_data_part_0022_of_0032.tar.zst,48830860
Bringing-carry_0170,HiPHI_data_part_0022_of_0032.tar.zst,48620989
Bringing-carry_0171,HiPHI_data_part_0022_of_0032.tar.zst,47965207
Bringing-carry_0173,HiPHI_data_part_0022_of_0032.tar.zst,48732503
Bringing-carry_0174,HiPHI_data_part_0022_of_0032.tar.zst,50445957
Bringing-carry_0175,HiPHI_data_part_0022_of_0032.tar.zst,48765354
Bringing-carry_0176,HiPHI_data_part_0022_of_0032.tar.zst,48763282
Bringing-carry_0177,HiPHI_data_part_0022_of_0032.tar.zst,48844166
Bringing-carry_0178,HiPHI_data_part_0022_of_0032.tar.zst,48058428
Bringing-carry_0179,HiPHI_data_part_0022_of_0032.tar.zst,48586586
Bringing-carry_0181,HiPHI_data_part_0022_of_0032.tar.zst,48633077
Bringing-carry_0183,HiPHI_data_part_0022_of_0032.tar.zst,48890338
Bringing-carry_0184,HiPHI_data_part_0022_of_0032.tar.zst,48910131
Bringing-carry_0185,HiPHI_data_part_0022_of_0032.tar.zst,48902714
Bringing-carry_0186,HiPHI_data_part_0022_of_0032.tar.zst,48900237
Bringing-carry_0187,HiPHI_data_part_0022_of_0032.tar.zst,48578795
Bringing-carry_0188,HiPHI_data_part_0022_of_0032.tar.zst,53076581
Bringing-carry_0189,HiPHI_data_part_0022_of_0032.tar.zst,48682692
Bringing-carry_0190,HiPHI_data_part_0022_of_0032.tar.zst,48820307
Bringing-carry_0191,HiPHI_data_part_0022_of_0032.tar.zst,48931138
Bringing-carry_0192,HiPHI_data_part_0022_of_0032.tar.zst,48894315
Bringing-carry_0193,HiPHI_data_part_0022_of_0032.tar.zst,48744235
Bringing-carry_0194,HiPHI_data_part_0022_of_0032.tar.zst,48881684
Bringing-carry_0196,HiPHI_data_part_0022_of_0032.tar.zst,48573826
Bringing-carry_0198,HiPHI_data_part_0022_of_0032.tar.zst,48666878
Bringing-carry_0199,HiPHI_data_part_0022_of_0032.tar.zst,48828783
Bringing-carry_0200,HiPHI_data_part_0022_of_0032.tar.zst,49009582
Bringing-carry_0201,HiPHI_data_part_0023_of_0032.tar.zst,48884678
Bringing-carry_0202,HiPHI_data_part_0023_of_0032.tar.zst,48968413
Bringing-carry_0203,HiPHI_data_part_0023_of_0032.tar.zst,48923625
Bringing-carry_0204,HiPHI_data_part_0023_of_0032.tar.zst,52332863
Bringing-carry_0205,HiPHI_data_part_0023_of_0032.tar.zst,48955396
Bringing-carry_0206,HiPHI_data_part_0023_of_0032.tar.zst,48901759
Bringing-carry_0208,HiPHI_data_part_0023_of_0032.tar.zst,48955302
Bringing-carry_0209,HiPHI_data_part_0023_of_0032.tar.zst,48961458
Bringing-carry_0210,HiPHI_data_part_0023_of_0032.tar.zst,48714649
Bringing-carry_0211,HiPHI_data_part_0023_of_0032.tar.zst,48909809
Bringing-carry_0212,HiPHI_data_part_0023_of_0032.tar.zst,48929897
Bringing-carry_0214,HiPHI_data_part_0023_of_0032.tar.zst,49061155
Bringing-carry_0216,HiPHI_data_part_0023_of_0032.tar.zst,48980545
Bringing-carry_0217,HiPHI_data_part_0023_of_0032.tar.zst,48685638
Bringing-carry_0219,HiPHI_data_part_0023_of_0032.tar.zst,43229878
Bringing-carry_0220,HiPHI_data_part_0023_of_0032.tar.zst,48904045
Bringing-carry_0221,HiPHI_data_part_0023_of_0032.tar.zst,49013914
Bringing-carry_0222,HiPHI_data_part_0023_of_0032.tar.zst,48923417
Bringing-carry_0223,HiPHI_data_part_0023_of_0032.tar.zst,49008328
Bringing-carry_0224,HiPHI_data_part_0023_of_0032.tar.zst,48874221
Bringing-carry_0226,HiPHI_data_part_0023_of_0032.tar.zst,48873257
Bringing-carry_0227,HiPHI_data_part_0023_of_0032.tar.zst,49039082
Bringing-carry_0228,HiPHI_data_part_0023_of_0032.tar.zst,49145829
Bringing-carry_0229,HiPHI_data_part_0023_of_0032.tar.zst,49048681
Bringing-carry_0230,HiPHI_data_part_0023_of_0032.tar.zst,49089515
Bringing-carry_0231,HiPHI_data_part_0023_of_0032.tar.zst,49169826
Bringing-carry_0233,HiPHI_data_part_0023_of_0032.tar.zst,48981945
Bringing-carry_0234,HiPHI_data_part_0023_of_0032.tar.zst,49191005
Bringing-carry_0235,HiPHI_data_part_0023_of_0032.tar.zst,48836418
Bringing-carry_0236,HiPHI_data_part_0023_of_0032.tar.zst,49206605
Bringing-carry_0237,HiPHI_data_part_0023_of_0032.tar.zst,53636857
Bringing-carry_0238,HiPHI_data_part_0023_of_0032.tar.zst,47157095
Bringing-carry_0239,HiPHI_data_part_0023_of_0032.tar.zst,52359022
Bringing-carry_0240,HiPHI_data_part_0023_of_0032.tar.zst,49014040
Bringing-carry_0241,HiPHI_data_part_0023_of_0032.tar.zst,49218636
Bringing-carry_0242,HiPHI_data_part_0023_of_0032.tar.zst,49241697
Bringing-carry_0244,HiPHI_data_part_0023_of_0032.tar.zst,50672536
Bringing-carry_0246,HiPHI_data_part_0023_of_0032.tar.zst,49262765
Bringing-carry_0247,HiPHI_data_part_0023_of_0032.tar.zst,49032120
Bringing-carry_0248,HiPHI_data_part_0023_of_0032.tar.zst,49234067
Bringing-carry_0249,HiPHI_data_part_0023_of_0032.tar.zst,49190590
Bringing-carry_0250,HiPHI_data_part_0023_of_0032.tar.zst,49218905
Bringing-carry_0251,HiPHI_data_part_0023_of_0032.tar.zst,49298719
Bringing-carry_0252,HiPHI_data_part_0023_of_0032.tar.zst,48573907
Bringing-carry_0254,HiPHI_data_part_0023_of_0032.tar.zst,49252668
Bringing-carry_0256,HiPHI_data_part_0023_of_0032.tar.zst,49185820
Bringing-carry_0257,HiPHI_data_part_0023_of_0032.tar.zst,59763286
Bringing-carry_0258,HiPHI_data_part_0023_of_0032.tar.zst,49232356
Bringing-carry_0262,HiPHI_data_part_0023_of_0032.tar.zst,49249772
Bringing-carry_0263,HiPHI_data_part_0023_of_0032.tar.zst,46160118
Bringing-carry_0265,HiPHI_data_part_0023_of_0032.tar.zst,46930719
Bringing-carry_0273,HiPHI_data_part_0023_of_0032.tar.zst,45595068
Bringing-carry_0277,HiPHI_data_part_0023_of_0032.tar.zst,45303567
Bringing-carry_0278,HiPHI_data_part_0023_of_0032.tar.zst,48016631
Bringing-carry_0279,HiPHI_data_part_0023_of_0032.tar.zst,47986636
Bringing-carry_0280,HiPHI_data_part_0023_of_0032.tar.zst,45270460
Bringing-carry_0282,HiPHI_data_part_0024_of_0032.tar.zst,48229076
Bringing-carry_0287,HiPHI_data_part_0024_of_0032.tar.zst,53497085
Bringing-carry_0289,HiPHI_data_part_0024_of_0032.tar.zst,52675144
Bringing-carry_0290,HiPHI_data_part_0024_of_0032.tar.zst,48592317
Bringing-carry_0292,HiPHI_data_part_0024_of_0032.tar.zst,48991389
Bringing-carry_0294,HiPHI_data_part_0024_of_0032.tar.zst,53807174
Bringing-carry_0298,HiPHI_data_part_0024_of_0032.tar.zst,53226391
Bringing-carry_0299,HiPHI_data_part_0024_of_0032.tar.zst,47054296
Bringing-carry_0300,HiPHI_data_part_0024_of_0032.tar.zst,46864857
Bringing-carry_0304,HiPHI_data_part_0024_of_0032.tar.zst,49384619
Bringing-carry_0307,HiPHI_data_part_0024_of_0032.tar.zst,48770913
Bringing-carry_0320,HiPHI_data_part_0024_of_0032.tar.zst,54610195
Bringing-carry_0328,HiPHI_data_part_0024_of_0032.tar.zst,49263467
Bringing-carry_0337,HiPHI_data_part_0024_of_0032.tar.zst,52272909
Bringing-carry_0355,HiPHI_data_part_0025_of_0032.tar.zst,51373326
Bringing-carry_0356,HiPHI_data_part_0025_of_0032.tar.zst,49343431
Bringing-carry_0363,HiPHI_data_part_0025_of_0032.tar.zst,46999902
Bringing-carry_0365,HiPHI_data_part_0025_of_0032.tar.zst,46612493
Bringing-carry_0369,HiPHI_data_part_0025_of_0032.tar.zst,48338042
Bringing-carry_0373,HiPHI_data_part_0025_of_0032.tar.zst,50012790
Bringing-carry_0378,HiPHI_data_part_0025_of_0032.tar.zst,48296791
Bringing-carry_0380,HiPHI_data_part_0025_of_0032.tar.zst,47332195
Bringing-carry_0390,HiPHI_data_part_0025_of_0032.tar.zst,47123144
Bringing-carry_0409,HiPHI_data_part_0026_of_0032.tar.zst,48681985
Bringing-carry_0418,HiPHI_data_part_0026_of_0032.tar.zst,48077052
Bringing-carry_0422,HiPHI_data_part_0026_of_0032.tar.zst,47966679
